<?xml version="1.0" encoding="UTF-8"?>
<project-private xmlns="http://www.netbeans.org/ns/project-private/1">
    <data xmlns="http://www.netbeans.org/ns/make-project-private/1">
        <activeConfTypeElem>1</activeConfTypeElem>
        <activeConfIndexElem>0</activeConfIndexElem>
    </data>
    <editor-bookmarks xmlns="http://www.netbeans.org/ns/editor-bookmarks/2" lastBookmarkId="0"/>
    <open-files xmlns="http://www.netbeans.org/ns/projectui-open-files/2">
        <group>
            <file>file:/D:/ALL/Schools/4.%20School%20-%20College/RCC%20Yr%201%20S3%20Spring%202018/CIS-5/MorenoMichael_CIS-5_SPRING2018/Assignments/Assignment_3/temo/Savitch_9thEd_Chap3_ProgProj6_FibonaciiGreenCrud/main.cpp</file>
        </group>
    </open-files>
</project-private>
